<?xml version="1.0" encoding="utf-8"?>
<ObjDef xmlns="http://www.sonicretro.org" Namespace="S1ObjectDefinitions.SLZ" TypeName="Elevator" Language="cs" Name="Elevator" Image="img1">
  <Images>
    <ImageFromMappings id="img1">
      <ArtFile filename="LevelArt"/>
      <MapFile type="ASM" filename="../_maps/obj59.asm" frame="0" startpal="2" />
    </ImageFromMappings>
  </Images>
  <Properties>
    <BitsProperty name="Type" type="ElevatorType" startbit="7" length="1" />
    <BitsProperty name="SpriteWidth" displayname="(Normal) Sprite/Width" type="SpriteWidthIndex" startbit="4" length="3" />
    <BitsProperty name="Behaviour" displayname="(Normal) Behaviour" type="ElevatorBehaviour" startbit="1" length="4" />
    <CustomProperty name="Delay" displayname="(Spawner) Delay" type="int">
      <get><![CDATA[return obj.SubType & 0x7F;]]></get>
      <set><![CDATA[obj.SubType = (byte)((obj.SubType & ~0x7F) | System.Math.Min(0x7F, value));]]></set>
    </CustomProperty>
  </Properties>
  <Enums>
    <Enum name="SpriteWidthIndex">
      <EnumMember name="Frame 0 - Width 28" />
    </Enum>
    <Enum name="ElevatorBehaviour">
      <EnumMember name="Move Up 10" />
      <EnumMember name="Move Up 20" />
      <EnumMember name="Move Up 34" />
      <EnumMember name="Move Down 10" />
      <EnumMember name="Move Down 20" />
      <EnumMember name="Move Down 34" />
      <EnumMember name="Move Up 14" />
      <EnumMember name="Move Up 24" />
      <EnumMember name="Move Up 2C" />
      <EnumMember name="Move Down 14" />
      <EnumMember name="Move Down 24" />
      <EnumMember name="Move Down 2C" />
      <EnumMember name="Move Diagonally Up 20" />
      <EnumMember name="Move Diagonally Down 20" />
    </Enum>
    <Enum name="ElevatorType">
      <EnumMember name="Normal" />
      <EnumMember name="Spawner" />
    </Enum>
  </Enums>
  <Display>
    <DisplayOption>
      <ImageRef image="img1" />
    </DisplayOption>
  </Display>
</ObjDef>