<?xml version="1.0" encoding="utf-8"?>
<ObjDef xmlns="http://www.sonicretro.org" Name="Fan" Image="img1">
  <Images>
    <ImageFromMappings id="img1">
      <ArtFile filename="../artnem/slzfan.bin" />
      <MapFile type="ASM" filename="../_maps/obj5D.asm" frame="0" startpal="2" />
    </ImageFromMappings>
  </Images>
  <Subtypes>
    <Subtype id="00" name="Push Sonic - On/Off" image="img1" />
    <Subtype id="01" name="Push Sonic - Always On" image="img1" />
    <Subtype id="02" name="Pull Sonic - On/Off" image="img1" />
    <Subtype id="03" name="Pull Sonic - Always On" image="img1" />
  </Subtypes>
  <Properties>
    <BitsProperty name="FanAlwaysOn" displayname="Always On" type="bool" startbit="1" length="1" />
    <BitsProperty name="Behaviour" type="FanBehaviour" startbit="0" length="1" />
  </Properties>
  <Enums>
    <Enum name="FanBehaviour">
      <EnumMember name="Push Sonic" />
      <EnumMember name="Pull Sonic" />
    </Enum>
  </Enums>
</ObjDef>