<?xml version="1.0"?>
<ObjDef xmlns="http://www.sonicretro.org" Name="Ending Animals" Image="img1" RememberState="true">
  <Images>
    <ImageFromMappings id="img1">
      <ArtFile filename="../artnem/blackbrd.bin"/>
      <MapFile type="ASM" filename="../_maps/obj28.asm" frame="2" startpal="0" />
    </ImageFromMappings>
    <ImageFromMappings id="img2">
      <ArtFile filename="../artnem/pig.bin"/>
      <MapFile type="ASM" filename="../_maps/obj28b.asm" frame="2" startpal="0" />
    </ImageFromMappings>
    <ImageFromMappings id="img3">
      <ArtFile filename="../artnem/chicken.bin"/>
      <MapFile type="ASM" filename="../_maps/obj28a.asm" frame="2" startpal="0" />
    </ImageFromMappings>
    <ImageFromMappings id="img4">
      <ArtFile filename="../artnem/squirrel.bin"/>
      <MapFile type="ASM" filename="../_maps/obj28.asm" frame="2" startpal="0" />
    </ImageFromMappings>
    <ImageFromMappings id="img5">
      <ArtFile filename="../artnem/flicky.bin"/>
      <MapFile type="ASM" filename="../_maps/obj28a.asm" frame="2" startpal="0" />
    </ImageFromMappings>
    <ImageFromMappings id="img6">
      <ArtFile filename="../artnem/seal.bin"/>
      <MapFile type="ASM" filename="../_maps/obj28a.asm" frame="2" startpal="0" />
    </ImageFromMappings>
    <ImageFromMappings id="img7">
      <ArtFile filename="../artnem/rabbit.bin"/>
      <MapFile type="ASM" filename="../_maps/obj28.asm" frame="2" startpal="0" />
    </ImageFromMappings>
  </Images>
  <Subtypes>
    <Subtype id="00" name="00 ?"/>
	<Subtype id="10" name="10 Pecky" image="img1"/>
    <Subtype id="12" name="12 Picky" image="img2"/>
	<Subtype id="13" name="13 Cucky" image="img3"/>
    <Subtype id="14" name="14 Ricky" image="img4"/>
	<Subtype id="0A" name="03 Flicky" image="img5"/>
	<Subtype id="0C" name="03 Rocky" image="img6"/>
	<Subtype id="0D" name="03 Pocky" image="img7"/>
  </Subtypes>
</ObjDef>