<?xml version="1.0"?>
<ObjDef xmlns="http://www.sonicretro.org" Name="Collapsing Cliff" Image="light">
  <Images>
    <ImageFromMappings id="light">
      <ArtFile filename="../artnem/8x8ghz1.bin"/>
      <MapFile type="ASM" filename="../_maps/obj1A.asm" frame="0" startpal="2"/>
    </ImageFromMappings>
    <ImageFromMappings id="shadow">
      <ArtFile filename="../artnem/8x8ghz1.bin"/>
      <MapFile type="ASM" filename="../_maps/obj1A.asm" frame="1" startpal="2"/>
    </ImageFromMappings>
  </Images>
  <Subtypes>
    <Subtype id="00" name="Light (Facing Left)" image="light"/>
    <Subtype id="01" name="Shadow (Facing Right)" image="shadow"/>
  </Subtypes>
</ObjDef>