<?xml version="1.0"?>
<ObjDef xmlns="http://www.sonicretro.org" Name="Newtron" RememberState="true" Image="img1">
  <Images>
    <ImageFromMappings id="img1">
      <ArtFile filename="../artnem/newtron.bin"/>
      <MapFile type="ASM" filename="../_maps/obj42.asm" frame="3" startpal="0"/>
    </ImageFromMappings>
    <ImageFromMappings id="img2">
      <ArtFile filename="../artnem/newtron.bin"/>
      <MapFile type="ASM" filename="../_maps/obj42.asm" frame="1" startpal="1"/>
    </ImageFromMappings>
  </Images>
  <Subtypes>
    <Subtype id="00" name="Flies along the ground" image="img1"/>
    <Subtype id="01" name="Fires missile, then disappears" image="img2"/>
  </Subtypes>
</ObjDef>