<?xml version="1.0" encoding="utf-8"?>
<ObjDef xmlns="http://www.sonicretro.org" Name="Egg Prison" Image="capsule">
  <Images>
    <ImageFromMappings id="capsule">
      <ArtFile filename="../artnem/prison.bin" />
      <MapFile type="ASM" filename="../_maps/obj3E.asm" frame="0" startpal="0" />
    </ImageFromMappings>
    <ImageFromMappings id="button">
      <ArtFile filename="../artnem/prison.bin" />
      <MapFile type="ASM" filename="../_maps/obj3E.asm" frame="1" startpal="0" />
    </ImageFromMappings>
  </Images>
  <Subtypes>
    <Subtype id="00" name="Capsule" image="capsule" />
    <Subtype id="01" name="Button" image="button" />
  </Subtypes>
  <Properties>
    <BitsProperty name="Type" type="EggPrisonType" startbit="0" length="1" />
  </Properties>
  <Enums>
    <Enum name="EggPrisonType">
      <EnumMember name="Capsule" />
      <EnumMember name="Button" />
    </Enum>
  </Enums>
</ObjDef>