<?xml version="1.0" encoding="utf-8"?>
<ObjDef xmlns="http://www.sonicretro.org" Name="Invisible lava marker" Image="img1" Debug="true">
  <Images>
    <ImageFromMappings id="img1">
      <ArtFile filename="../artnem/monitors.bin" />
      <MapFile type="Binary" filename="Common/Invisible lava marker map.bin" frame="0" startpal="0" />
    </ImageFromMappings>
    <ImageFromMappings id="img2">
      <ArtFile filename="../artnem/monitors.bin" />
      <MapFile type="Binary" filename="Common/Invisible lava marker map.bin" frame="1" startpal="0" />
    </ImageFromMappings>
    <ImageFromMappings id="img3">
      <ArtFile filename="../artnem/monitors.bin" />
      <MapFile type="Binary" filename="Common/Invisible lava marker map.bin" frame="2" startpal="0" />
    </ImageFromMappings>
  </Images>
  <Subtypes>
    <Subtype id="00" name="Small" image="img1" />
    <Subtype id="01" name="Medium" image="img2" />
    <Subtype id="02" name="Large" image="img3" />
  </Subtypes>
</ObjDef>