{
    "Flex": 2,
    "name": "",
    "node": "75331a48-8077-45fa-841e-665c156509fd",
    "objects": [
        {
            "uuid": "226a1e11-4b4b-4f4b-b0bc-2effe1285121",
            "format": "Sonic 1.js",
            "name": "UN",
            "palettes": [],
            "art": {
                "path": "",
                "compression": "Uncompressed",
                "offset": 0
            },
            "mappings": {
                "path": "",
                "label": ""
            },
            "dplcs": {
                "enabled": false,
                "path": "",
                "label": ""
            }
        },
        {
            "uuid": "7785fa04-1e66-4c15-a509-fde1d8f74af9",
            "format": "Sonic 1.js",
            "name": "HUD",
            "palettes": [],
            "art": {
                "path": "",
                "compression": "Uncompressed",
                "offset": 0
            },
            "mappings": {
                "path": "",
                "label": ""
            },
            "dplcs": {
                "enabled": false,
                "path": "",
                "label": ""
            }
        },
        {
            "uuid": "75331a48-8077-45fa-841e-665c156509fd",
            "format": "Sonic 1.js",
            "name": "Sonic",
            "palettes": [
                {
                    "path": "pallet\\sonic.bin",
                    "length": 1
                }
            ],
            "art": {
                "path": "artunc\\sonic.bin",
                "compression": "Uncompressed",
                "offset": 0
            },
            "mappings": {
                "path": "_maps\\Sonic.asm",
                "label": ""
            },
            "dplcs": {
                "enabled": true,
                "path": "_inc\\Sonic dynamic pattern load cues.asm",
                "label": ""
            }
        }
    ]
}