<?xml version="1.0"?>
<ObjDef xmlns="http://www.sonicretro.org" Name="Brick" Image="img1">
  <Images>
    <ImageFromMappings id="img1">
      <ArtFile filename="LevelArt"/>
      <MapFile type="ASM" filename="../_maps/obj46.asm" frame="0" startpal="2"/>
    </ImageFromMappings>
  </Images>
  <Subtypes>
    <Subtype id="00" name="Stationary" image="img1"/>
    <Subtype id="08" name="Stationary (reverse)" image="img1"/>
    <Subtype id="01" name="Bob" image="img1"/>
    <Subtype id="09" name="Bob (reverse)" image="img1"/>
    <Subtype id="02" name="Fall" image="img1"/>
    <Subtype id="0A" name="Fall (reverse)" image="img1"/>
  </Subtypes>
  <Properties>
    <BitsProperty name="Behaviour" type="BehaviourVal" startbit="0" length="2" />
    <BitsProperty name="Movement" displayname="Reverse movement" type="bool" startbit="3" length="1" />
  </Properties>
  <Enums>
    <Enum name="BehaviourVal">
      <EnumMember name="Stationary" />
      <EnumMember name="Bob up and down" />
      <EnumMember name="Bob and fall" />
    </Enum>
  </Enums>
</ObjDef>