<?xml version="1.0"?>
<ObjDef xmlns="http://www.sonicretro.org" Name="Switch" Image="switch">
  <Images>
    <ImageFromMappings id="switch">
      <ArtFile filename="../artnem/mzswitch.bin"/>
      <MapFile type="ASM" filename="../_maps/obj32.asm" frame="0" startpal="2"/>
    </ImageFromMappings>
  </Images>
  <Properties>
    <BitsProperty name="SwitchID" displayname="Switch ID" type="SwitchID" startbit="0" length="4" />
    <BitsProperty name="AlternateFlag" displayname="Set Alternate Flag" type="bool" startbit="6" length="1" />
    <BitsProperty name="BlockPressable" displayname="Can Be Pressed By MZ Green Block" type="bool" startbit="7" length="1" />
  </Properties>
  <Enums>
    <Enum name="SwitchID">
      <EnumMember name="Switch 00" />
      <EnumMember name="Switch 01" />
      <EnumMember name="Switch 02" />
      <EnumMember name="Switch 03" />
      <EnumMember name="Switch 04" />
      <EnumMember name="Switch 05" />
      <EnumMember name="Switch 06" />
      <EnumMember name="Switch 07" />
      <EnumMember name="Switch 08" />
      <EnumMember name="Switch 09" />
      <EnumMember name="Switch 0A" />
      <EnumMember name="Switch 0B" />
      <EnumMember name="Switch 0C" />
      <EnumMember name="Switch 0D" />
      <EnumMember name="Switch 0E" />
      <EnumMember name="Switch 0F" />
    </Enum>
  </Enums>
  <Display>
    <DisplayOption>
    <ImageRef image="switch">
      <Offset Y="3" />
    </ImageRef>
    </DisplayOption>
  </Display>
</ObjDef>