<?xml version="1.0"?>
<ObjDef xmlns="http://www.sonicretro.org" Name="Saws and Pizza Cutters" Image="img2" RememberState="true">
  <Images>
    <ImageFromMappings id="img1">
      <ArtFile filename="../artnem/monitors.bin"/>
      <MapFile type="ASM" filename="SBZ/ConveyerBeltMap.asm" frame="0" startpal="0" />
    </ImageFromMappings>
    <ImageFromMappings id="img2">
      <ArtFile filename="../artnem/monitors.bin"/>
      <MapFile type="ASM" filename="SBZ/ConveyerBeltMap.asm" frame="1" startpal="0" />
    </ImageFromMappings>
  </Images>
  <Subtypes>
    <Subtype id="00" name="00 Big Conveyer Belt" image="img2"/>
    <Subtype id="21" name="21 Small Conveyer Belt" image="img1"/>
    <Subtype id="E1" name="E1 Small Conveyer Belt" image="img1"/>
  </Subtypes>
</ObjDef>